12354	2012-11-26T20:35:38	Modern Dünyanın Uzağında Bir Ülke: Myanmar	https://yoldaolmak.com/myanmar.html
12314	2012-11-21T15:01:49	Guest Dergi – Pastoral Bir Tablo: Ko Tapu 🏝	https://yoldaolmak.com/guest-dergi-pastoral-bir-tablo-ko-tapu.html
11841	2012-11-14T19:32:46	Fiji’den Chiang Mai’ye: Yollar Yine Kesişti	https://yoldaolmak.com/dunya-kucuk.html
11855	2012-11-06T19:32:11	Beijing, I Love You!	https://yoldaolmak.com/beijing-i-love-you.html
11310	2012-10-19T13:42:14	Surprising Shenyang	https://yoldaolmak.com/surprising-shenyang.html
11141	2012-10-11T19:25:58	Guest Dergi – Romantik Şehir Heidelberg	https://yoldaolmak.com/guest-dergi-eylul-yazim-romantik-sehir-heidelberg.html
9833	2012-09-03T19:14:55	Guest Dergi – Dünyanın En Büyük Tapınak Şehri: Angkor Wat	https://yoldaolmak.com/guest-dergi-eylul-yazim-angkor-wat.html
9767	2012-08-29T16:28:41	Dipnot Tablet – Uzun Beyaz Bulut Ülkesi: Aotearoa – Yeni Zelanda	https://yoldaolmak.com/dipnot-tablet-68-sayi-yazim.html
9742	2012-08-28T13:59:50	Kiwis CAN fly!!! The Overseas Experience or O.E.	https://yoldaolmak.com/kiwis-can-fly-the-overseas-experience-or-o-e.html
9326	2012-08-23T18:02:13	🎙 TRT Radyo 1: Uzun Süreli Seyahat – Couchsurfing – HelpExchange	https://yoldaolmak.com/yolda-olmak-trt-1-ogrenci-isleri-programina-konuk-oldu.html
9291	2012-08-21T20:11:10	Tazmanya&#8217;da Başlayan Blog: 1000. Yorum ve Onlarca Hikaye	https://yoldaolmak.com/1000-yorum.html
9109	2012-08-16T15:19:00	Güney Asya’da Yolda Olmak	https://yoldaolmak.com/guney-asyada-yolda-olmak.html
8966	2012-08-04T13:56:26	685 Günlük Yolculuk Akşam Cumartesi Eki’nde 🗞	https://yoldaolmak.com/aksam-gazetesi-cumartesi-eki-ve-web-sayfalarindayiz.html
8957	2012-08-03T21:05:37	Bir Uçak Biletiyle Başlayan Hayat Değişimi: 2 Yıl Öncesi ve Şimdi	https://yoldaolmak.com/bir-yildonumu-2-yil-oncesi-ve-oncesi.html
8879	2012-07-31T12:35:35	Guest Dergi – Uzun Beyaz Bulut Ülkesi: Aotearoa	https://yoldaolmak.com/guest-dergi-agustos-yazim-uzun-beyaz-bulut-ulkesi-aotearoa.html
8782	2012-07-23T17:11:03	Hürriyet Seyahat Eki: Fiji Hikayem ve Röportaj 🗞	https://yoldaolmak.com/hurriyet-seyahat-ekinde-fiji-hikayem-yayinlandi.html
8751	2012-07-23T13:27:00	Hürriyet Seyahat’te Bir Yol Hikâyesi: 685 Günlük Dünya Turum 🗞	https://yoldaolmak.com/hurriyet-seyahat-web-sayfasinda.html
8700	2012-07-18T17:54:21	They got me good: I am Scammed!	https://yoldaolmak.com/they-got-me-good-i-am-scammed.html
8639	2012-07-16T17:06:34	Are You Hungry?	https://yoldaolmak.com/are-you-hungry.html
8575	2012-07-11T21:51:22	Guest Dergi – Tropikal Adalar Cenneti Fiji	https://yoldaolmak.com/guest-dergi-temmuz-yazim-tropikal-adalar-cenneti-fiji.html
8202	2012-07-09T20:36:04	Dipnot Tablet – Pattaya Walking Street 📰	https://yoldaolmak.com/pattaya-walking-street-pattaya-geceleri.html
8174	2012-07-06T16:50:40	The Gift: Why I Came to Beijing	https://yoldaolmak.com/the-gift-why-i-came-to-beijing.html
8235	2012-07-02T16:19:38	685 Günlük Dünya Turumdan Dönüşümün Hikâyesi: Neden Geri Döndüm?	https://yoldaolmak.com/neden-geri-dondum.html
8205	2012-07-01T23:50:39	Dipnot Tablet – Yeni Bir Başlangıç: Pattaya 📰	https://yoldaolmak.com/pattaya-geceleri-tayland-dipnot-tablet.html
7975	2012-06-27T15:32:30	A 48 Hour Hong Kong Experience – More Than Just a City	https://yoldaolmak.com/a-48-hour-hong-kong-experience-more-than-just-a-city.html
7859	2012-06-25T10:52:31	Dipnot Tablet – Sin City: Pattaya	https://yoldaolmak.com/tayland-gece-hayati-sin-city-pattaya.html
7743	2012-06-20T09:33:33	A 48 Hour Hong Kong Experience: Something Special-Kowloon By Night	https://yoldaolmak.com/a-48-hour-hong-kong-experience-something-special-kowloon-by-night.html
7741	2012-06-19T09:42:33	A 48 Hour Hong Kong Experience: The Fun Begins!	https://yoldaolmak.com/a-48-hour-hong-kong-experience-the-fun-begins.html
7718	2012-06-18T13:25:53	Dipnot Tablet – Yol Hikâyesinin Başlangıcı: Melekler Şehri Bangkok	https://yoldaolmak.com/melekler-sehri-bangkok.html
7678	2012-06-13T22:41:44	Yeni Rota: Türkiye!	https://yoldaolmak.com/yeni-rota-turkiye.html
7597	2012-06-09T11:43:13	Yolda Olmak Üzerine: Hareketin Felsefesi, Özgürlüğün Çemberi	https://yoldaolmak.com/yolda-olmak-uzerine.html
7626	2012-06-09T10:48:44	Yoldaolmak.com’un Doğum Günü: Hikâyesi ve Yolculuğu	https://yoldaolmak.com/bugun-yoldaolmak-comun-dogum-gunu.html
7570	2012-06-08T18:27:44	Guest Dergi – Avustralya’nın Göbeğinde: Kutsal Uluru	https://yoldaolmak.com/guest-dergi-haziran-yazim-avustralyanin-gobeginde-uluru.html
7544	2012-06-04T18:40:25	A 48 Hour Hong Kong Experience: Getting Around Town	https://yoldaolmak.com/a-48-hour-hong-kong-experience-getting-around-town.html
7352	2012-05-24T16:53:13	Yolda Olmak Artık Dipnot Tablet’te	https://yoldaolmak.com/yolda-olmak-artik-dipnot-tabletde.html
7322	2012-05-23T17:05:12	Avustralya SBS Röportajı: Sırt Çantasıyla 2 Yıl	https://yoldaolmak.com/avustralya-sbs-radyotv-roportaji-sirt-cantasiyla-2-yil.html
6468	2012-05-01T09:36:25	Guest Dergi – Tanrılar Adası: Bali	https://yoldaolmak.com/guest-dergi-mayis-sayisi-seyahat-yazim.html
6292	2012-04-22T22:40:31	&#8220;Yolda Olmak&#8221; Artık Yeni Bir Yüzle Karşınızda	https://yoldaolmak.com/yolda-olmak-artik-yeni-bir-yuzle-karsinizda.html
4103	2012-04-02T23:47:53	Guest Dergi – Çılgın Full Moon Partisi: Phangan Adası	https://yoldaolmak.com/guest-dergi-nisan-sayisi-seyahat-yazim.html
6318	2012-03-18T23:00:46	Laos Turu Planlama	https://yoldaolmak.com/laos-turu.html
3799	2012-02-28T22:42:03	Guest Dergi – O Ada Senin, Bu Ada Benim: Palawan, El Nido	https://yoldaolmak.com/guest-dergisinde-seyahat-yazilarim.html
3506	2012-02-04T14:06:34	Bangkok&#8217;ta Türkçe Konuşan Bir Alman: Hayko	https://yoldaolmak.com/550-gun-basladigim-yerdeyim-bangkok.html
3275	2012-01-15T23:56:59	Almanyalı Gazi	https://yoldaolmak.com/almanyali-gazi.html
3082	2011-12-28T14:24:41	Malezya–Borneo–Singapur Turu Gezi Rotam	https://yoldaolmak.com/malezya-borneo-singapur-turu.html
2904	2011-12-19T23:41:18	İki Gezginin Singapur Buluşması	https://yoldaolmak.com/singapur-ulasim-rehberi.html
2718	2011-12-16T20:29:18	500 Gündür Yolda Olmak!	https://yoldaolmak.com/500-gundur-yolda-olmak.html
2875	2011-12-11T23:28:16	Singapur&#8217;un En Büyük Alışveriş Merkezi: VivoCity	https://yoldaolmak.com/singapur-vivo-city.html
1138	2011-11-04T08:30:00	Bin Adalar Cenneti: Tidung Island	https://yoldaolmak.com/tidung-island.html
2117	2011-10-31T13:50:58	Borneo Turu Gezi Rotam	https://yoldaolmak.com/borneo-turu.html
1932	2011-10-22T23:35:10	Borneo Yaban Hayatı Koruma Alanı: Kinabatangan Wildlife Sanctuary	https://yoldaolmak.com/kinabatangan-wildlife-sanctuary.html
1908	2011-10-19T08:45:00	Borneo Orangutan Rehabilitasyon Merkezi: Sepilok Orangutan Sanctuary	https://yoldaolmak.com/sepilok-orangutan-sanctuary-borneo.html
1898	2011-10-19T08:11:00	Sandakan Gezilecek Yerler, Borneo	https://yoldaolmak.com/sandakan-borneo.html
1874	2011-10-18T23:59:35	Tabin Doğal Hayatı Koruma Alanı: Tabin Wildlife, Sandakan	https://yoldaolmak.com/tabin-wildlife-borneo.html
1806	2011-10-16T07:52:06	Malezya–Singapur Turu Gezi Rotam	https://yoldaolmak.com/malezya-singapur-turu.html
1783	2011-10-15T21:31:12	Borneo&#8217;nun Dalış Noktası: Si Amil Adası, Sabah	https://yoldaolmak.com/siamil-adasi.html
1737	2011-10-13T16:02:40	Dalış Cenneti: Mabul Adası, Borneo	https://yoldaolmak.com/mabul-adasi.html
1726	2011-10-12T22:48:36	Balıkçı Kasabası Semporna, Borneo	https://yoldaolmak.com/semporna-borneo.html
1698	2011-10-06T23:35:50	Cennet Adalar: Tunku Abdul Rahman Marine Park, Borneo	https://yoldaolmak.com/tunku-abdul-rahman-marine-park.html
1684	2011-10-03T22:49:23	Şanslı Başkent: Kota Kinabalu, Borneo	https://yoldaolmak.com/kota-kinabalu.html
1653	2011-10-01T23:44:04	The Baram Regatta: 100 Yıllık Kano Yarışları, Borneo	https://yoldaolmak.com/marudi-baram-regatta.html
1635	2011-09-28T22:51:06	Zirvedeki İlginç Kayalar: The Pinnacles, Borneo	https://yoldaolmak.com/the-pinnacles-borneo.html
1613	2011-09-27T23:52:07	Mulu Ulusal Parkı: Panan Köyü, Winds ve Clear Water Mağaraları	https://yoldaolmak.com/panan-koyu-winds-ve-clear-water-magaralari.html
216387	2011-09-21T21:11:00	Borneo&#8217;nun Petrol Kraliçesi: Miri, Sarawak	https://yoldaolmak.com/miri-borneo.html
1435	2011-09-18T20:29:32	Singapore! Singapore!	https://yoldaolmak.com/singapore-singapore.html
1211	2011-09-06T12:22:20	Pasifik Ateş Çemberi	https://yoldaolmak.com/pasifik-ates-cemberi.html
1203	2011-09-05T23:04:31	Kauçuk Nedir?	https://yoldaolmak.com/kaucuk-nedir.html
1112	2011-09-02T15:06:44	Java Adası Turu Gezi Rotam, Endonezya	https://yoldaolmak.com/cava-adasi-turu.html
1020	2011-08-14T23:33:03	Madura Adasında Karakola Götürülmek, Jawa	https://yoldaolmak.com/madura-adasi-jawa.html
994	2011-08-10T20:47:55	Bali Turu Gezi Rotam	https://yoldaolmak.com/bali-turu.html
944	2011-08-03T23:34:26	365 Gündür Yolda Olmak: Birinci Yıldönümü	https://yoldaolmak.com/365-gundur-yolda-olmak-1-yildonumu.html
833	2011-07-25T23:13:34	Amed&#8217;de Balığa Gitmek, Bali	https://yoldaolmak.com/amedde-baliga-gitmek.html
823	2011-07-24T23:40:18	Batık Gemiye Dalış: Tulamben, Bali	https://yoldaolmak.com/tulamben-bali.html
808	2011-07-23T23:12:48	Bali Dalış Kursu: Amed, Bali	https://yoldaolmak.com/amed-dalis-kursu.html
799	2011-07-22T20:42:06	Sakin Balıkçı Kasabası Amed, Bali	https://yoldaolmak.com/amed-kasabasi-bali.html
9917	2011-07-19T23:40:34	Renkler ve Kokular Arasında: Odalan Ayini, Bali	https://yoldaolmak.com/odalan-ceremonies-bali.html
710	2011-07-13T21:00:03	Avustralya Gezi Turu Rotam	https://yoldaolmak.com/avustralya-rotam.html
696	2011-07-12T22:22:41	Casuarina Coastal Park&#8217;ta Bisiklet Turu	https://yoldaolmak.com/casuarina-coastal-parkta-bisiklet-turu.html
676	2011-07-11T19:41:05	Kate ve Michael: Help Exchange	https://yoldaolmak.com/kate-ve-michael-help-exchange.html
650	2011-07-08T23:17:59	Darwin&#8217;de Help Exchange Evinde	https://yoldaolmak.com/darwinde-help-exchange-evinde.html
646	2011-07-04T21:09:29	Darwin’de Günbatımı	https://yoldaolmak.com/darwinde-gunbatimi-2.html
630	2011-07-01T22:11:59	Mindil Beach Markets Fireworks: Territory Day	https://yoldaolmak.com/mindil-beach-markets-fireworks-territory-day.html
621	2011-07-01T21:17:14	Mindil Beach Sunset Market	https://yoldaolmak.com/mindil-beach-sunset-market.html
569	2011-06-26T22:17:14	40 Bin Yıllık Aborjin Yurdu: Kakadu National Park	https://yoldaolmak.com/40-bin-yillik-aborjin-yurdu-kakadu-national-park.html
563	2011-06-25T21:36:59	Mataranka Hot Springs	https://yoldaolmak.com/mataranka-hot-springs.html
551	2011-06-24T22:32:03	İlginç Kayalıklar: Devils Marbles	https://yoldaolmak.com/ilginc-kayaliklar-devils-marbles.html
541	2011-06-23T23:20:11	Çölde Yolda Kalmak!	https://yoldaolmak.com/colde-yolda-kalmak.html
9459	2011-06-22T22:22:11	Uluru-Kata Tjuta National Park: Kata Tjuta III	https://yoldaolmak.com/uluru-kata-tjuta-national-park-kata-tjuta-the-olgas.html
525	2011-06-22T20:40:21	UNESCO Dünya Mirası: Ayers Rock, Uluru II	https://yoldaolmak.com/unesco-dunya-mirasi-ayers-rock-uluru.html
502	2011-06-21T22:10:49	600 Milyon Yıllık Kutsal Kaya: Uluru I	https://yoldaolmak.com/600-milyon-yillik-kutsal-kaya-uluru.html
447	2011-06-18T22:27:25	Avustralya&#8217;nın Göbeğinde: Alice Springs	https://yoldaolmak.com/avustralyanin-gobeginde-alice-springs.html
422	2011-06-17T21:59:24	Yer Altı Kiliseleri ve Dünyanın En Uzun Çiti	https://yoldaolmak.com/yer-alti-kiliseleri-ve-crocodile-harry.html
9395	2011-06-17T11:44:05	Dünyanın En İlginç İnsanlarından Biri: Crocodile Harry	https://yoldaolmak.com/crocodile-harry.html
388	2011-06-13T23:25:47	The City of Churches: Adelaide	https://yoldaolmak.com/adelaide.html
9267	2011-06-12T21:00:41	Tarihi Kasaba Port Fairy, Avustralya	https://yoldaolmak.com/tarihi-kasaba-port-fairy.html
4259	2011-04-14T21:06:13	Fiji&#8217;de Son Gün: Başkent Suva	https://yoldaolmak.com/fijide-son-gun-baskent-suvayi-kesfetmek.html
9204	2011-04-14T20:43:33	Fiji Gezi Turu Rotam	https://yoldaolmak.com/fiji-rotam.html
4255	2011-04-13T21:04:12	The Beach House, Coral Coast	https://yoldaolmak.com/the-beach-house-coral-cost.html
4253	2011-04-10T21:08:00	Viseisei&#8217;den Coral Cost&#8217;a: Nadi	https://yoldaolmak.com/viseiseiden-coral-costa-nadi.html
4237	2011-04-09T22:06:04	Fiji Adalarından Viseisei Köyüne Dönüş	https://yoldaolmak.com/fiji-adalarindan-viseisei-koyune-donus.html
305	2011-04-08T22:00:35	Fiji Adasında Nasıl Mülk Edinilir?	https://yoldaolmak.com/fiji-adasinda-mulk-edinmek.html
176	2011-04-07T21:45:01	Waya Lailai Adası: Naboro Köyü	https://yoldaolmak.com/waya-lailai-adasi-naboro-koyu.html
168	2011-04-06T11:00:58	Kuata Adasında Son Gün	https://yoldaolmak.com/kuata-adasinda-son-gun.html
161	2011-04-05T21:00:53	Waya Lailai Adası	https://yoldaolmak.com/waya-lailai-adasi.html
62	2011-03-30T13:00:57	Yolda Olmak: Yeni Zelanda’dan Fiji’ye, Hayat Yeniden Başlarken	https://yoldaolmak.com/yeni-zelandadan-ayrilis-fiji-yollarinda.html
